tint,antonym
Curious,Disinterested
Sincere,Hypocritical
Responsible,Irresponsible
Goal-oriented,Aimless
Objective,Biased
Persistent,Whimsical
Constructive,Destructive
Trusting,Distrustful
Flexible,Rigid
Creative,Trite
Confident,Insecure
Bold,Timid
Open,Closed
Risky,Safe
Enthusiastic,Apathetic
Vulnerable,Resilient
Kind-hearted,Unkind
Empathetic,Heartless
Respectful,Disrespectful
Supportive,Oppressive
Sensitive,Indifferent
Motivating,Demotivating
Inspiring,Depressing
Hopeful,Hopeless
Praiseworthy,Critical
Eager to learn,Resistant to learning
Indecisive,Determined
Uncertain,Confident
Avoidant,Confrontational
Acknowledging,Denying
Interactive,Passive
Encouraging,Discouraging
Concise,Wordy
Detailed,Brief
Uplifting,Disappointing
Imaginative,Formulaic
Innovative,Traditional
Attentive,Inattentive
Logical,Irrational
Diplomatic,Aggressive
Reconciliatory,Conflict-driven
Stimulating,Stopping
Friendly,Hostile
Clarifying,Confusing
Caring,Cold
Organized,Chaotic
Disciplined,Undisciplined
Practical,Abstract
Productive,Unproductive
Persuasive,Unconvincing
Substantive,Empty
Compassionate,Judging